<?xml version="1.0" ?>
<LOG_ROOT>
	<PROJECT NAME="DE0_TOP">
		<CBX_INST_ENTRY INSTANCE_NAME="|DE0_TOP|CLK27PLL:pll_1|altpll:altpll_component" CBX_FILE_NAME="CLK27PLL_altpll.v"/>
		<CBX_INST_ENTRY INSTANCE_NAME="|DE0_TOP|apple2:core|video_generator:video_display|character_rom:thecharrom|altsyncram:Mux4_rtl_2" CBX_FILE_NAME="altsyncram_lnv.tdf"/>
		<CBX_INST_ENTRY INSTANCE_NAME="|DE0_TOP|CLK_MAIN_PLL:pll_2|altpll:altpll_component" CBX_FILE_NAME="CLK_MAIN_PLL_altpll.v"/>
		<CBX_INST_ENTRY INSTANCE_NAME="|DE0_TOP|apple2:core|main_roms:roms|altsyncram:Mux20_rtl_1" CBX_FILE_NAME="altsyncram_9sv.tdf"/>
		<CBX_INST_ENTRY INSTANCE_NAME="|DE0_TOP|disk_ii:disk|altsyncram:track_memory_rtl_0" CBX_FILE_NAME="altsyncram_d2h1.tdf"/>
		<CBX_INST_ENTRY INSTANCE_NAME="|DE0_TOP|vga_controller:vga|LINE_buffer:line_storage|altsyncram:altsyncram_component" CBX_FILE_NAME="altsyncram_iao1.tdf"/>
	</PROJECT>
</LOG_ROOT>
